normalized_text,count
ごめん,114
ご視聴ありがとうございました,89
Thankyou,85
You,45
4-0-0-0-0-0-0-0-0-0-0-0-0-0-0-0-0-0-0-0-0-0-0-0-0-0-0-0-0-0-0-0-0-0-0-0-0-0-0-0-0-0-0-0-0-0-0-0-0-0-0-0-0-0-0-0-0-0-0-0-0-0-0-0-0-0-0-0-0-0-0-0-0-0-0-0-0-0-0-0-0-0-0-0-0-0-0-0-0-0-0-0-0-0-0-0-0-0-0-0-0-0-0-0-0-0-0-0-0-0-0-0,33
1-2-3-4-4-4-4-4-4-4-4-4-4-4-4-4-4-4-4-4-4-4-4-4-4-4-4-4-4-4-4-4-4-4-4-4-4-4-4-4-4-4-4-4-4-4-4-4-4-4-4-4-4-4-4-4-4-4-4-4-4-4-4-4-4-4-4-4-4-4-4-4-4-4-4-4-4-4-4-4-4-4-4-4-4-4-4-4-4-4-4-4-4-4-4-4-4-4-4-4-4-4-4-4-4-4-4-4-4-4-4-4,29
,18
Ynyw'nyw'nyw'nyw'nyw'nyw'nyw'nyw'nyw'nyw'nyw'nyw'nyw'nyw'nyw'nyw'nyw'nyw'nyw'nyw'nyw'nyw'nyw'nyw'nyw'nyw'nyw'nyw'nyw'nyw'nyw'nyw'nyw'nyw'nyw'nyw'nyw'nyw'nyw'nyw'nyw'nyw'nyw'nyw'nyw'nyw'nyw'nyw'nyw'nyw'nyw'nyw'nyw'nyw'nyw'ny,18
Mae'ngweithio'rgweithio'rgweithio'rgweithio'rgweithio'rgweithio'rgweithio'rgweithio'rgweithio'rgweithio'rgweithio'rgweithio'rgweithio'rgweithio'rgweithio'rgweithio'rgweithio'rgweithio'rgweithio'rgweithio'rgweithio'rgweithio'rgweithio'rgweithio'rgweithio'rgweithio'rgweithio'rgweithio'rgweithio'rgweithio'rgweithio'rgweithio'rgweithio'rgweithio'rgweithio'rgweithio'rgweithio,15
Yw'ni'ni'ni'ni'ni'ni'ni'ni'ni'ni'ni'ni'ni'ni'ni'ni'ni'ni'ni'ni'ni'ni'ni'ni'ni'ni'ni'ni'ni'ni'ni'ni'ni'ni'ni'ni'ni'ni'ni'ni'ni'ni'ni'ni'ni'ni'ni'ni'ni'ni'ni'ni'ni'ni'ni'ni'ni'ni'ni'ni'ni'ni'ni'ni'ni'ni'ni'ni'ni'ni'ni'ni'ni'n,14
んんんんんんんんんんんんんんんんんんんんんんんんんんん,14
Thankyouforwatching,13
2-3-4-4-4-4-4-4-4-4-4-4-4-4-4-4-4-4-4-4-4-4-4-4-4-4-4-4-4-4-4-4-4-4-4-4-4-4-4-4-4-4-4-4-4-4-4-4-4-4-4-4-4-4-4-4-4-4-4-4-4-4-4-4-4-4-4-4-4-4-4-4-4-4-4-4-4-4-4-4-4-4-4-4-4-4-4-4-4-4-4-4-4-4-4-4-4-4-4-4-4-4-4-4-4-4-4-4-4-4-4-4,12
you,12
ddweudo'rddweudo'rddweudo'rddweudo'rddweudo'rddweudo'rddweudo'rddweudo'rddweudo'rddweudo'rddweudo'rddweudo'rddweudo'rddweudo'rddweudo'rddweudo'rddweudo'rddweudo'rddweudo'rddweudo'rddweudo'rddweudo'rddweudo'rddweudo'rddweudo'rddweudo'rddweudo'rddweudo'rddweudo'rddweudo'rddweudo'rddweudo',11
"I'msorry,I'msorry,I'msorry,I'msorry,I'msorry,I'msorry,I'msorry,I'msorry,I'msorry,I'msorry,I'msorry,I'msorry,I'msorry,I'msorry,I'msorry,I'msorry,I'msorry,I'msorry,I'msorry,I'msorry,I'msorry,I'msorry,I'msorry,I'msorry,I'msorry,I'msorry,I'msorry,I'msorry,I'msorry,I'msorry,I'msorry,I'msorry,I'msorry,I'msorry,I'msorry,I'msorry,I'msorry,I'msorry,I'msorry,I'msorry,I'msorry,I'msorry,I'msorry,I'msorry,I'msorry,I'msorry,I'msorry,I'msorry,I'msorry,I'msorry,I'msorry,I'msorry,I'msorry,I'msorry,I'msorry,I'msorry",10
"1,5,5,5,5,5,5,5,5,5,5,5,5,5,5,5,5,5,5,5,5,5,5,5,5,5,5,5,5,5,5,5,5,5,5,5,5,5,5,5,5,5,5,5,5,5,5,5,5,5,5,5,5,5,5,5,5,5,5,5,5,5,5,5,5,5,5,5,5,5,5,5,5,5,5,5,5,5,5,5,5,5,5,5,5,5,5,5,5,5,5,5,5,5,5,5,5,5,5,5,5,5,5,5,5,5,5,5,5,5,5,5",9
1222222222222222222222222222222222222222222222222222222222222222222222222222222222222222222222222222222222222222,9
Mae'ni'ni'ni'ni'ni'ni'ni'ni'ni'ni'ni'ni'ni'ni'ni'ni'ni'ni'ni'ni'ni'ni'ni'ni'ni'ni'ni'ni'ni'ni'ni'ni'ni'ni'ni'ni'ni'ni'ni'ni'ni'ni'ni'ni'ni'ni'ni'ni'ni'ni'ni'ni'ni'ni'ni'ni'ni'ni'ni'ni'ni'ni'ni'ni'ni'ni'ni'ni'ni'ni'ni'ni'ni'ni,9
んんんんんんんんんんんんんんんんんんんんんんんんんんんん,9
はっはっはっはっはっはっはっはっはっはっはっはっはっはっはっはっはっはっはっはっはっはっはっはっはっはっはっはっはっはっはっはっはっはっはっはっはっはっはっはっはっはっはっはっはっはっはっはっはっはっはっはっはっはっはっはっはっはっはっはっはっはっはっはっはっはっはっはっはっはっはっはっはっはっはっはっはっはっはっはっはっはっはっはっはっはっはっはっはっはっはっはっはっはっはっはっはっはっはっはっはっはっはっはっはっはっはっはっはっはっはっは,7
ლლლლლლლლლლლლლლლლლლლლლლლლლლლლლლლლლლლლლლლლლლლლლლლლლლლლლლლლლლლლლლლლლლლლლლლლლლ�,7
Rwy'nmeddwlybyddai'ndweudybyddai'ndweudybyddai'ndweudybyddai'ndweudybyddai'ndweudybyddai'ndweudybyddai'ndweudybyddai'ndweudybyddai'ndweudybyddai'ndweudybyddai'ndweudybyddai'ndweudybyddai'ndweudybyddai'ndweudybyddai'ndweudybyddai'ndweudybyddai'ndweudybyddai'ndweudybyddai'ndweudybyddai'ndweudybyddai'ndweudybyddai'ndweudybyddai'ndweudybyddai'ndweud,7
スタッフを見つけたらスタッフを見つけたらスタッフを見つけたらスタッフを見つけたらスタッフを見つけたらスタッフを見つけたらスタッフを見つけたらスタッフを見つけたらスタッフを見つけたらスタッフを見つけたらスタッフを見つけたらスタッフを見つけたらスタッフを見つけたらスタッフを見つけたら,6
私は私は私は私は私は私は私は私は私は私は私は私は私は私は私は私は私は私は私は私は私は私は私は私は私は私は私は私は私は私は私は私は私は私は私は私は私は私は私は私は私は私は私は私は私は私は私は私は私は私は私は私は私は私は私は私は私は私は私は私は私は私は私は私は私は私は私は私は私は私は私は私は私は私は私,5
4-4-4-4-4-4-4-4-4-4-4-4-4-4-4-4-4-4-4-4-4-4-4-4-4-4-4-4-4-4-4-4-4-4-4-4-4-4-4-4-4-4-4-4-4-4-4-4-4-4-4-4-4-4-4-4-4-4-4-4-4-4-4-4-4-4-4-4-4-4-4-4-4-4-4-4-4-4-4-4-4-4-4-4-4-4-4-4-4-4-4-4-4-4-4-4-4-4-4-4-4-4-4-4-4-4-4-4-4-4-4-4,5
Diolchynfawr,5
あなたはあなたはあなたはあなたはあなたはあなたはあなたはあなたはあなたはあなたはあなたはあなたはあなたはあなたはあなたはあなたはあ,4
2スタッフと2スタッフと1スタッフと2スタッフと1スタッフと1スタッフと1スタッフと1スタッフと1スタッフと1スタッフと1スタッフと1スタッフと1スタッフと1スタッフと1スタッフと1スタッフと1スタッフと1スタッフと1スタッフと1スタッフと1スタッフと1スタッフと1スタッフと1スタッフと1スタッフと1スタッフと1スタッフと1スタッフ,4
"Felly,mae'ngweithio,mae'ngweithio,mae'ngweithio,mae'ngweithio,mae'ngweithio,mae'ngweithio,mae'ngweithio,mae'ngweithio,mae'ngweithio,mae'ngweithio",4
Ychwanegwchychwanegwchychwanegwchychwanegwchychwanegwchychwanegwchychwanegwchychwanegwchychwanegwchychwanegwchychwanegwchychwanegwchychwanegwchychwanegwchychwanegwchychwanegwchychwanegwchychwanegwchychwanegwchychwanegwchychwanegwchychwanegwchychwanegwchychwanegwchychwanegwchychwanegwchychwanegwchychwanegwchychwanegwchychwanegwchychwanegwchychwanegwchychwanegwchychwanegwchychwanegwchychwanegwchychwanegwchy,4
Rwy'nmeddwlybyddwnni'nmyndi'rfforddybyddwnni'nmyndi'rfforddybyddwnni'nmyndi'rfforddybyddwnni'nmyndi'rfforddybyddwnni'nmyndi'rfforddybyddwnni'nmyndi'rfforddybyddwnni'nmyndi'rfforddybyddwnni'nmyndi'rfforddybyddwnni'nmyndi'rfforddybyddwnni'nmyndi'rfforddybyddwnni'nmyndi'rfforddybyddwnni'nmyndi'rfforddybyddwnni'nmyndi'rfforddybyddwnni'nmyndi'rfforddybyddwnni',4
"Okay,okay,okay,okay,okay,okay,okay,okay,okay,okay,okay,okay,okay,okay,okay,okay,okay,okay,okay,okay,okay,okay,okay,okay,okay,okay,okay,okay,okay,okay,okay,okay,okay,okay,okay,okay,okay,okay,okay,okay,okay,okay,okay,okay,okay,okay,okay,okay,okay,okay,okay,okay,okay,okay,okay,okay,okay,okay,okay,okay,okay,okay,okay,okay,okay,okay,okay,okay,okay,okay,okay,okay,okay,okay,okay,okay,okay,okay,okay,okay,okay,okay,okay,okay,okay,okay,okay,okay,okay,okay,okay,okay,okay,okay,okay,okay,okay,okay,okay,okay,okay,okay,okay,okay,okay,okay,okay,okay,okay,okay,okay,okay",3
TekstingavNicolaiWinther,3
このようなものを使っているのでこのようなものを使っているのでこのようなものを使っているのでこのようなものを使っているのでこのようなものを使っているのでこのようなものを使っているのでこのようなものを使っているのでこのようなものを使っているのでこのようなものを使っているのでこのようなものを使っているのでこのようなものを使っているのでこのようなものを使っているのでこのようなものを使っているのでこのようなものを使っているのでこのようなものを使っているのでこのようなものを使っているのでこのようなものを使っているのでこのようなものを使っているのでこのようなものを使っているのでこのようなものを使っているのでこのようなものを使っているのでこのようなものを使っているのでこのような,3
1222222222222222222222222222222222222222222222222222222222212222222222222222222222222222222222222222222222222222,3
同時は1日目は1日目は1日目は1日目は1日目は1日目は1日目は1日目は1日目は1日目は1日目は1日目は1日目は1日目は1日目は1日目は1日目は1日目は1日目は1日目は1日目は1日目は1日目は1日目は1日目は1日目は1日目は1日目は1日目は1日目は1日目は1日目は1日目は1日目は1日目は1日目は1日目は1日目は1日目は1日目は1日目は1日目は1日目は1日目は1日目は1日目は1日目は1日目は1日目は1日目は1日目は1日目は1日目は1日目は1日,3
復興に行くことができることができることができることができることができることができることができることができることができることができることができることができることができることができることができることができることができることができることができることができることができることができることができることができることができることができることができることができることができることができることができることができることができることができることができることができることができることができることができることができることができることができることができることができることができることができることができることができることができることができることができることができることができることができること,3
"I'mgoingtomakeaholeinthehole,andI'mgoingtomakeaholeinthehole,andI'mgoingtomakeaholeinthehole,andI'mgoingtomakeaholeinthehole,andI'mgoingtomakeaholeinthehole,andI'mgoingtomakeaholeinthehole,andI'mgoingtomakeaholeinthehole,andI'mgoingtomakeaholeinthehole,andI'mgoingtomakeaholeinthehole,andI'mgoingtomakeaholeinthehole,andI'mgoingtomakeaholeinthehole,andI'mgoingtomakeaholeinthehole,andI'mgoingtomakeaholeinthehole,andI'mgoingtomakeaholeinthehole,andI'mgoingtomakeaholeinthehole,andI'mgoingtomakeaholeinthehole,andI'mgoingtomakeaholeinthehole,andI'mgoingtomakeaholeinthehole,andI'mgoingtomakeahole",3
"Let'smoveontothenextstep,andlet'smoveontothenextstep,andlet'smoveontothenextstep,andlet'smoveontothenextstep,andlet'smoveontothenextstep,andlet'smoveontothenextstep,andlet'smoveontothenextstep,andlet'smoveontothenextstep,andlet'smoveontothenextstep,andlet'smoveontothenextstep,andlet'smoveontothenextstep,andlet'smoveontothenextstep,andlet'smoveontothenextstep,andlet'smoveontothenextstep,andlet'smoveontothenextstep,andlet'smoveontothenextstep,andlet'smoveontothenextstep,andlet'smoveontothenextstep,andlet'smoveontothenextstep,andlet'smoveontothenextstep,andlet'smoveontothenextstep,andlet'smoveontothenextstep,andlet'smove",3
ご視聴ありがとうございます,3
いちちちちちちちちちちちちちちちちちちちちちちちちちちちちちちちちちちちちちちちちちちちちちちちちちちちちちちちちちちちちちちちちちちちちちちちちちちちちちちちちちちちちちちちちちちちちちちちちちちちちちちちちちちちちちちちちちちちちちちちちちちちちちちちちちちち,3
スティックスティックスティックスティックスティックスティックスティックスティックスティックスティックスティックスティックスティックスティックスティックスティックスティックスティックスティックスティックスティックスティックスティックスティックスティックスティックスティックスティックスティックスティックスティックスティックスティックスティックスティックスティックスティックスティックスティックスティックスティックスティックスティックスティックスティックス,3
スティックスティックスティックスティックスティックスティックスティックスティックスティックスティックスティックスティックスティックスティックスティックスティックスティックスティックスティックスティックスティックスティックスティックスティックスティックスティックスティックスティックスティックスティックスティックスティックスティックスティックスティックスティックスティックスティックスティックスティックスティックスティックスティックスティックスティックスティックスティックスティックス,3
あなたは私たちによることができることができることができることができることができることができることができることができることができることができることができることができることができることができることができることができることができることができることができることができることができることができることができることができることができることができることができることができることができることができることができることができることができることができることができることができることができることができることができることができることができることができることができることができることができる,3
スタッフェインはスタッフェインはスタッフェインはスタッフェインはスタッフェインはスタッフェインはスタッフェインはスタッフェインはスタッフェインはスタッフェインはスタッフェインはスタッフェインはスタッフェインはスタッフェインはスタッフェインはスタッフェインはスタッフェインはスタッフェインはスタッフェインはスタッフェインはスタッフェインはスタッフェインはスタッフェインはスタッフェインはスタッフェイン,3
スタッフェインはスタッフェインはスタッフェインはスタッフェインはスタッフェインはスタッフェインはスタッフェインはスタッフェインはスタッフェインはスタッフェインはスタッフェインはスタッフェインはスタッフェインはスタッフェインはスタッフェインはスタッフェインは,3
あなたはあなたはあなたはあなたはあなたはあなたはあなたはあなたはあなたはあなたはあなたはあなたはあなたはあなたはあなたはあなたはあなたはあなたはあなたはあなたはあなたはあなたはあなたはあなたはあなたはあなたはあなたはあなたはあなたはあなたはあなたはあなたはあなたはあなたはあなたはあなたはあなたはあなたはあなたは,3
あなたはあなたはあなたはあなたはあなたはあなたはあなたはあなたはあなたはあなたはあなたはあなたはあなたはあなたはあなたはあなたはあなたはあなたはあなたはあなたはあなたはあなたはあなたはあなたはあなたはあなたはあなたはあなたはあなたはあなたはあなたはあなたはあなたはあなたはあなたはあなたはあなたはあなたはあなたはあなたは,3
ううううううううううううううううううううううううううううううううううううううううううううううううううううううううううううううううううううううううううううううううううううううううううううううううううううううううううううううううううううううううううううううううううううううううううううううううううううううううううううううううううううううううううううううううううううううううううううううううううううううううううううううううううううううううううううううう,2
んんんんんんんんんんんんんんんんんんんんんんんんんんんんんんんんんんんんんんんんんんんんんんんんんんんんんんんんんんんんんんんんんんんんんんんんんんんんんんんんんんんんんんんんんんんんんんんんんんんんんんんんんんんんんんんんんんんんんんんんんんんんんんんんんんんんんんんんんんんんんんんんんんんんんんんんんんんんんんんんんんんんんんんんんんんんんんんんんんんんんんんんんんんんんんんんんんんんんんんんんんんんんんんんんんんんんんんんんんんんんんん,2
"Oh,oh,oh,oh,oh,oh,oh,oh,oh,oh,oh,oh,oh,oh,oh,oh,oh,oh,oh,oh,oh,oh,oh,oh,oh,oh,oh,oh,oh,oh,oh,oh,oh,oh,oh,oh,oh,oh,oh,oh,oh,oh,oh,oh,oh,oh,oh,oh,oh,oh,oh,oh,oh,oh,oh,oh,oh,oh,oh,oh,oh,oh,oh,oh,oh,oh,oh,oh,oh,oh,oh,oh,oh,oh,oh,oh,oh,oh,oh,oh,oh,oh,oh,oh,oh,oh,oh,oh,oh,oh,oh,oh,oh,oh,oh,oh,oh,oh,oh,oh,oh,oh,oh,oh,oh,oh,oh,oh,oh,oh,oh,oh",2
wwwwwwwwwwwwwwwwwwwwwwwwwwwwwwwwwwwwwwwwwwwwwwwwwwwwwwwwwwwwwwwwwwwwwwwwwwwwwwwwwwwwwwwwwwwwwwwwwwwwwwwwwwwwwwwwwwwwwwwwwwwwwwwwwwwwwwwwwwwwwwwwwwwwwwwwwwwwwwwwwwwwwwwwwwwwwwwwwwwwwwwwwwwwwwwwwwwwwwwwwwwwwwwwwwwwwwwwwwwwwwwwwwwwwwwwwwwwwwwwwwwwwwwwwwwwwwwwwwwwwwwwwwwwwwwwwwwwwwwwwwwwwwwwwwwwwwwwwwwwwwwwwwwwwwwwwwwwwwwwwwwwwwwwwwwwwwwwwwwwwwwwwwwwwwwwwwwwwwwwwwwwwwwwwwwwwwwwwwwwwwwwwwwwwwwwwwwwwwwwwwwwwwwwwwwwwwwwwwwwwwwwwwwwwwwwwwwwwwwwwwwwwwwwwwwwwwwwwwwwwwwwwwwwwwwwwwwwwwwwwwwwwwwwwwwwwwwwwwwwwwwwwwwwwwwwwwwwwwwwwwwwwwwwwwwwwwwwwwwwwwwwwwwwwwwwwwwwwwwwwwwwwwwwwwwwwwwwwwwwwwwwwwwwwwwwwwwwwwwwwwwwwwwwwwwwwwwwwwwwwwwwwwwwwwwwwwwwwwwwwwwwwwwwwwwwwwwwwwwwwwwwwwwwwwwwwwwwwwwwwwwwwwwwwwwwwwwwwwwwwwwwwwwwwwwwwwwwwwwwwwwwwwwwwwwwwwwwwwwwwwwwwwwwwwwwwwwwwwwwwwwwwwwwwwwwwwwwwwwwwwwwwwwwwwwwwwwwwwwwwwwwwwwwwwwwwwwwwwwwwwwwwwwwwwwwwwwwwwwwwwwwwwwwwwwwwwwwwwwwwwwwwwwwwwwwwwwwwwwwwwwwwwwwwwww,2
んんんんんんんんんんんんんんん,2
フォーフォーフォーフォフォフォ,2
チョコレートチョコレートチョコレートチョコレートチョコレートチョコレートチョコレートチョコレートチョコレートチョコレートチョコレートチョコレートチョコレートチョコレートチョコレートチョコレートチョコレートチョコレートチョコレートチョコレートチョコレートチョコレートチョコレートチョコレートチョコレートチョコレートチョコレートチョコレート,2
"Idon'tknowwhatI'mtalkingabout,Idon'tknowwhatI'mtalkingabout,Idon'tknowwhatI'mtalkingabout,Idon'tknowwhatI'mtalkingabout,Idon'tknowwhatI'mtalkingabout,Idon'tknowwhatI'mtalkingabout,Idon'tknowwhatI'mtalkingabout,Idon'tknowwhatI'mtalkingabout,Idon'tknowwhatI'mtalkingabout,Idon'tknowwhatI'mtalkingabout,Idon'tknowwhatI'mtalkingabout,Idon'tknowwhatI'mtalkingabout,Idon'tknowwhatI'mtalkingabout,Idon'tknowwhatI'mtalkingabout,Idon'tknowwhatI'mtalkingabout,Idon'tknowwhatI'mtalkingabout,Idon'tknowwhatI'mtalkingabout,Idon'tknowwhatI'mtalkingabout,Idon'tknowwhatI'mtalkingabout,Idon'tknowwhatI'mtalkingabout,Idon'tknowwhatI'mtalkingabout,Idon'tknowwhatI'mtalkingabout,Idon't",2
おやすみなさい,2
"Cough,cough,cough",2
1222222222222221222222222222222222222222222222222222222222222222222222222222222222222222222222222222222222222222,2
サイズを使わせることを使わせることを使わせることを使わせることを使わせることを使わせることを使わせることを使わせることを使わせることを使わせることを使わせることを使わせることを使わせることを使わせることを使わせることを使わせることを使わせることを使わせることを使わせることを使わせることを使わせることを使わせることを使わせることを使わせることを使わせることを使わせることを使わせることを使わせることを使わせることを使わせることを使わせることを使わせることを使わせることを使わせることを使わせることを使わせることを使わせ,2
ynyw'ni'ni'ni'ni'ni'ni'ni'ni'ni'ni'ni'ni'ni'ni'ni'ni'ni'ni'ni'ni'ni'ni'ni'ni'ni'ni'ni'ni'ni'ni'ni'ni'ni'ni'ni'ni'ni'ni'ni'ni'ni'ni'ni'ni'ni'ni'ni'ni'ni'ni'ni'ni'ni'ni'ni'ni'ni'ni'ni'ni'ni'ni'ni'ni'ni'ni'ni'ni'ni'ni'ni'ni'ni',2
復活性を使用すると復活性を使用すると復活性を使用すると復活性を使用すると復活性を使用すると復活性を使用すると復活性を使用すると復活性を使用すると復活性を使用すると復活性を使用すると復活性を使用すると復活性を使用すると復活性を使用すると復活性を使用すると復活性を使用すると復活性を使用すると復活性を使用すると復活性を使用すると復活性を使用すると復活性を使用すると復活性を使用すると復活性を使用すると,2
両方向を望む,2
このようなスタッフを使っているのでこのようなスタッフを使っているのでこのようなスタッフを使っているのでこのようなスタッフを使っているのでこのようなスタッフを使っているのでこのようなスタッフを使っているのでこのようなスタッフを使っているのでこのようなスタッフを使っているのでこのようなスタッフを使っているのでこのようなスタッフを使っているのでこのようなスタッフを使っているのでこのようなスタッフを使っているのでこのようなスタッフを使っているのでこのようなスタッフを使っているのでこのようなスタッフを使っているのでこのようなスタッフを使っているのでこのようなスタッフを使っているのでこのようなスタッフを使っているのでこのようなスタッフを使っているのでこのようなスタッフを使っているのでこのようなスタッフを使っているので,2
Let'stakealookattheothersideofthescreen,2
Let'smoveontothenextstepLet'smoveontothenextstepLet'smoveontothenextstepLet'smoveontothenextstepLet'smoveontothenextstepLet'smoveontothenextstepLet'smoveontothenextstepLet'smoveontothenextstepLet'smoveontothenextstep,2
スタッフを見つけたらスタッフを見つけたらスタッフを見つけたらスタッフを見つけたらスタッフを見つけたらスタッフを見つけたらスタッフを見つけたらスタッフを見ることができるスタッフを見ることができるスタッフを見ることができるスタッフを見ることができるスタッフを見ることができるスタッフを見ることができるスタッフを見ることができる,2
スタッフェインはスタッフェインはスタッフェインはスタッフェインはスタッフェインはスタッフェインは,2
スタッフェインはスタッフェインはスタッフェインはスタッフェインはスタッフェインはスタッフェインはスタッフェインはスタッフェインはスタッフェインはスタッフェインはスタッフェインはスタッフェインはスタッフェインはスタッフェインはスタッフェインはスタッフェインはスタッフェインはスタッフェインはスタッフェインはスタッフェインはスタッフェインはスタッフェインはスタッ,2
あなたはあなたはあなたはあなたはあなたはあなたはあなたはあなたはあなたはあなたはあなたはあなたはあなたはあなたはあなたはあ,2
あなたはあなたがあなたがあなたがあなたがあなたがあなたがあなたがあなたがあなたがあなたがあなたがあなたがあなたがあなたがあなたがあなたがあなたがあなたがあなたがあなたがあなたがあなたがあなたがあなたがあなたがあなたがあなたがあなたがあなたがあなたがあなたがあなたがあなたがあなたがあなたがあなたがあなたがあなたがあなたがあなたがあなたがあなたがあなたがあなたがあなたがあなたがあなたがあなたがあなたがあなたがあなたがあなたがあ,2
あなたはあなたはあなたはあなたはあなたはあなたはあなたはあなたはあなたはあなたはあなたはあなたは,2
あなたは私のことを愛していることを愛していることを愛していることを愛していることを愛していることを愛していることを愛していることを愛していることを愛していることを愛していることを愛していることを愛していることを愛していることを愛していることを愛していることを愛していることを愛していることを愛していることを愛していることを愛していることを愛していることを愛していることを愛していることを愛していることを愛していることを愛していることを愛していることを愛していることを愛していることを愛していることを愛していることを愛している,2
Yw'nyw'nyw'nyw'nyw'nyw'nyw'nyw'nyw'nyw'nyw'nyw'nyw'nyw'nyw'nyw'nyw'nyw'nyw'nyw'nyw'nyw'nyw'nyw'nyw'nyw'nyw'nyw'nyw'nyw'nyw'nyw'nyw'nyw'nyw'nyw'nyw'nyw'nyw'nyw'nyw'nyw'nyw'nyw'nyw'nyw'nyw'nyw'nyw'nyw'nyw'nyw'nyw'nyw'nyw'nyw',2
スタッフルを使用しております,2
スタッフを見ることができますスタッフを見ることができますスタッフを見ることができますスタッフを見ることができますスタッフを見ることができますスタッフを見ることができますスタッフを見ることができますスタッフを見ることができますスタッフを見ることができますスタッフを見ることができますスタッフを見ることができますスタッフを見ることができますスタッフを見ることができます,2
スタッフのアイスクリームを見つけたことができますスタッフのアイスクリームを見つけたことができますスタッフのアイスクリームを見つけたことができますスタッフのアイスクリームを見つけたことができますスタッフのアイスクリームを見つけたことができますスタッフのアイスクリームを見つけたことができますスタッフのアイスクリームを見つけたことができますスタッフのアイスクリームを見つけたことができますスタッフのアイスクリームを見つけたことができますスタッフのアイスクリームを見つけたことができますスタッフのアイスクリームを見つけたことができますスタッフのアイスクリームを見つけたことができますスタッフのアイスクリームを見つけたことができますスタッフのアイスクリームを見つけたことができます,2
あなたはあなたはあなたはあなたはあなたはあなたはあなたはあなたはあなたはあなたはあなたはあなたはあなたはあなたはあなたはあなたはあなたはあなたはあなたはあなたはあなたはあなたはあなたはあなたはあなたはあなたは,2
スタッフェインはスタッフェインはスタッフェインはスタッフェインはスタッフェインはスタッフェインはスタッフェインはスタッフェインはスタッフェインはスタッフェインはスタッフェインはスタッフェインはスタッフェインはスタッフェインはスタッフェインはスタッフェインはスタッフェインはスタッフェインはスタッフェインはスタッフェインは,2
スタッフェイトルスタッフェイトルスタッフェイトルスタッフェイトルスタッフェイトルスタッフェイトルスタッフェイトルスタッフェイトルスタッフェイトルスタッフェイトルスタッフェイトルスタッフェイトルスタッフェイトルスタッフェイトルスタッフェイトルスタッフェイトルスタッフェイトルスタッフェイトルスタッフェイトルスタッフェイトルスタッフェイトルスタッフェイトルスタッフェイトルスタッフェイトルスタッフェイトルスタッフェイトルスタッフェイトルスタッフェイトル,2
Rwy'ncaeleiddweudo'rddweudo'rddweudo'rddweudo'rddweudo'rddweudo'rddweudo'rddweudo'rddweudo'rddweudo'rddweudo'rddweudo'rddweudo'rddweudo'rddweudo'rddweudo'rddweudo'rddweudo'rddweudo'rddweudo'rddweudo'rddweudo'rddweudo'rddweudo'rddweudo'rddweudo'rddweudo'rddweudo'rddweudo'rddweudo'rddweudo',2
ブーブーブーブーブーブーブーブーブーブーブーブーブーブーブーブーブーブーブーブーブーブーブーブーブーブーブーブーブーブーブーブーブーブーブーブーブーブーブーブーブーブーブーブーブーブーブーブーブーブーブーブーブーブーパーブーパーパーパーパーパーパーパーパーパーパーパーパーパーパーパーパーパーパーパーパーパーパーパーパーパーパーパーパーパーパーパーパーパーパーパーパーパーパーパーパーパーパーパーパーパーパーパーパーパーパーパーパーパーパーパーパ,1
ブーバーバーバーバーバーバーバーバーバーバーバーバーバーバーバーバーバーバーバーバーバーバーバーバーバーバーバーバーバーバーバーバーバーバーバーバーバーバーバーバーバーバーバーバーバーバーバーバーバーバーバーバーバーバーバーバーバーバーバーバーバーバーバーバーバーバーバーバーバーバーバーバーバーバーバーバーバーバーバーバーバーバーバーバーバーバーバーバーバーバーバーバーバーバーバーバーバーバーバーバーバーバーバーバーバーバーバーバーバーバーバ,1
音楽の音楽の音楽の音楽の音楽の音楽の音楽の音楽の音楽の音楽の音楽の音楽の音楽の音楽の音楽の音楽の音楽の音楽の音楽の音楽の音楽の音楽の音楽の音楽の音楽の音楽の音楽の音楽の音楽の音楽の音楽の音楽の音楽の音楽の音楽の音楽の音楽の音楽の音楽の音楽の音楽の音楽の音楽の音楽の音楽の音楽の音楽の音楽の音楽の音楽の音楽の音楽の音楽の音楽の音楽の音楽の音楽の音楽の音楽の音楽の音楽の音楽の音楽の音楽の音楽の音楽の音楽の音楽の音楽の音楽の音楽の音楽の音楽の音楽の音,1
ブルーブルーブルーブルーブルーブルーブルーブルーブルーブルーブルーブルーブルーブルーブルーブルーブルーブルーブルーブルーブルーブルーブルーブルーブルーブルーブルーブルーブルーブルーブルーブルーブルーブルーブルーブルーブルーブルーブルーブルーブルーブルーブルーブルーブルーブルーブルーブルーブルーブルーブルーブルーブルーブルーブルーブルーブルーブルーブルーブルーブルーブルーブルーブルーブルーブルーブルーブルーブルーブルーブルーブルーブルーブルーブ,1
1232323232323232323232323232323232323232323232323232323232323232323232323232323232323232323232323232323232323232,1
徐々と同じと同じと同じと同じと同じと同じと同じと同じと同じと同じと同じと同じと同じと同じと同じと同じと同じと同じと同じと同じと同じと同じと同じと同じと同じと同じと同じと同じと同じと同じと同じと同じと同じと同じと同じと同じと同じと同じと同じと同じと同じと同じと同じと同じと同じと同じと同じと同じと同じと同じと同じと同じと同じと同じと同じと同じと同じと同じと同じと同じと同じと同じと同じと同じと同じと同じと同じと同じと同じと同じと同じと同じと同じと,1
1234343444444444444444444444444444444444444444444444444444444444444444444444444444444444444444444444444444444444,1
1212121212121212121212121212121212121212121212121212121212121212121212121212121212121212121212121212121212121212,1
ははははははははははははははははははははははははははははははははははははははははははははははははははははははははははははははははははははははははははははははははははははははははははははははははははははははははははははははははははははははははははははははははははははははははははははははははははははははははははははははははははははははははははははははははははははははははははははははははははははははははははははははははははははははははははははははは,1
キャッキャッキャッキャッキャッキャッキャッキャッキャッキャッキャッキャッキャッキャッキャッキャッキャッキャッキャッキャッキャッキャッキャッキャッキャッキャッキャッキャッキャッキャッキャッキャッキャッキャッキャッキャッキャッキャッキャッキャッキャッキャッキャッキャッキャッキャッキャッキャッキャッキャッキャッキャッキャッキャッキャッキャッキャッキャッキャッキャッキャッキャッキャッキャッキャッキャッキャッキャッキャッキャッキャッキャッキャッキャッキ,1
ふふふふふふふふふふふふふふふふふふふふふふふふふふふふふふふふふふふふふふふふふふふふふふふふふふふふふふふふふふふふふふふふふふふふふふふふふふふふふふふふふふふふふふふふふふふふふふふふふふふふふふふふふふふふふふふふふふふふふふふふふふふふふふふふふふふふふふふふふふふふふふふふふふふふふふふふふふふふふふふふふふふふふふふふふふふふふふふふふふふふふふふふふふふふふふふふふふふふふふふふふふふふふふふふふふふふふふふふふふふふふふふ,1
サクサクサクサクサクサクサクサクサクサクサクサクサクサクサクサクサクサクサクサクサクサクサクサクサクサクサクサクサクサクサクサクサクサクサクサクサクサクサクサクサクサクサクサクサクサクサクサクサクサクサクサクサクサクサクサクサクサクサクサクサクサクサクサクサクサクサクサクサクサクサクサクサクサクサクサクサクサクサクサクサクサクサクサクサクサクサクサクサクサクサクサクサクサクサクサクサクサクサクサクサクサクサクサクサクサクサクサクサクサクサクサ,1
1234344444444444444444444444444444444444444444444444444444444444444444444444444444444444444444444444444444444444,1
もう一度もう一度もう一度もう一度もう一度もう一度もう一度もう一度もう一度もう一度もう一度もう一度もう一度もう一度もう一度,1
あははははははははははははははははははははははははははははははははははははははははははははははははははははははははははははははははははははははははははははははははははははははははははははははははははははははははははははははははははははははははははははははははははははははははははははははははははははははははははははははははははははははははははははははははははははははははははははははははははははははははははははははははははははははははははははははは,1
駅は15cm15cm15cm15cm15cm15cm15cm15cm15cm15cm15cm15cm15cm15cm15cm15cm15cm15cm1cm1cm1cm1cm1cm1cm1cm1cm1cm1cm1cm1cm1cm1cm1cm1cm1cm1cm1�,1
A-A-A-A-A-A-A-A-A-A-A-A-A-A-A-A-A-A-A-A-A-A-A-A-A-A-A-A-A-A-A-A-A-A-A-A-A-A-A-A-A-A-A-A-A-A-A-A-A-A-A-A-A-A-A-A-A-A-A-A-A-A-A-A-A-A-A-A-A-A-A-A-A-A-A-A-A-A-A-A-A-A-A-A-A-A-A-A-A-A-A-A-A-A-A-A-A-A-A-A-A-A-A-A-A-A-A-A-A-A-A-A,1
Hmmmmmmmmmmmmmmmmmmmmmmmmmmmmmmmmmmmmmmmmmmmmmmmmmmmmmmmmmmmmmmmmmmmmmmmmmmmmmmmmmmmmmmmmmmmmmmmmmmmmmmmmmmmmmmmmmmmmmmmmmmmmmmmmmmmmmmmmmmmmmmmmmmmmmmmmmmmmmmmmmmmmmmmmmmmmmmmmmmmmmmmmmmmmmmmmmmmmmmmmmmmmmmmmmmmmmmmmmmmmmmmmmmmmmmmmmmmmmmmmmmmmmmmmmmmmmmmmmmmmmmmmmmmmmmmmmmmmmmmmmmmmmmmmmmmmmmmmmmmmmmmmmmmmmmmmmmmmmmmmmmmmmmmmmmmmmmmmmmmmmmmmmmmmmmmmmmmmmmmmmmmmmmmmmmmmmmmmmmmmmmmmmmmmmmmmmmmmmmmmmmmmmmmmmmmmmmmmmmmmmmmmmmmmmmmmmmmmmmmmmmmmmm,1
"Okay,okay,okay,okay,okay,okay,okay,okay,okay,okay,okay,okay,okay,okay,okay,okay,okay,okay,okay,okay,okay,okay,okay,okay,okay,okay,okay,okay,okay,okay,okay,okay,okay,okay,okay,okay,okay,okay,okay,okay,okay,okay,okay,okay,okay,okay,okay,okay,okay,okay,okay,okay,okay,okay,okay,okay,okay,okay,okay,okay,okay,okay,okay,okay,okay,okay,okay,okay,okay,okay,okay,okay,okay,okay,okay,okay,okay,okay,okay,okay,okay,okay,okay,okay,okay,okay,okay,okay,okay,okay,okay,okay,okay,okay,okay,okay,okay,okay,okayokay,okay,okay,okayokay,okay,okayokay,okayokay,okayokay,okayokay,okayokayokay",1
"Idon'tknowifIcandoit,butI'mnotsureifIcandoit,butI'mnotsureifIcandoit,butI'mnotsureifIcandoit,butI'mnotsureifIcandoit,butI'mnotsureifIcandoit,butI'mnotsureifIcandoit,butI'mnotsureifIcandoit,butI'mnotsureifIcandoit,butI'mnotsureifIcandoit,butI'mnotsureifIcandoit,butI'mnotsureifIcandoit,butI'mnotsureifIcandoit,butI'mnotsureifIcandoit,butI'mnotsureifIcandoit,butI'mnotsureifIcandoit,butI'mnotsureifIcandoit,butI'mnotsureifIcandoit,butI'mnotsureifIcandoit,butI'mnotsureifIcandoit,butI'mnot",1
Hahahahahahahahahahahahahahahahahahahahahahahahahahahahahahahahahahahahahahahahahahahahahahahahahahahahahahahahahahahahahahahahahahahahahahahahahahahahahahahahahahahaha,1
POPPPPPPPPPPPPPPPPPPPPPPPPPPPPPPPPPPPPPPPPPPPPPPPPPPPPPPPPPPPPPPPPPPPPPPPPPPPPPPPPPPPPPPPPPPPPPPPPPPPPPPPPPPPPPPPPPPPPPPPPPPPPPPPPPPPPPPPPPPPPPPPPPPPPPPPPPPPPPPPPPPPPPPPPPPPPPPPPPPPPPPPPPPPPPPPPPPPPPPPPPPPPPPPPPPPPPPPPPPPPPP,1
Uh-uh-uh-uh-uh-uh-uh-uh-uh-uh-uh-uh-uh-uh-uh-uh-uh-uh-uh-uh-uh-uh-uh-uh-uh-uh-uh-uh-uh-uh-uh-uh-uh-uh-uh-uh-uh-uh-uh-uh-uh-uh-uh-uh-uh-uh-uh-uh-uh-uh-uh-uh-uh-uh-uh-uh-uh-uh-uh-uh-uh-uh-uh-uh-uh-uh-uh-uh-uh-uh-uh-uh-uh-uh-uh-uh-uh-uh-uh-uh-uh-uh-uh-uh-uh-uh-uh-uh-uh-uh-uh-uh-uh-uh-uh-uh-uh-uh-uh-uh-uh-uh-uh-uh-uh-uh-uh-uh-uh-uh-uh-uh,1
Pleasesubscribetomychannelandpressthebellicontonotmissanynewvideos,1
"Yeah,yeah,yeah,yeah,yeah,yeah,yeah,yeah,yeah,yeah,yeah,yeah,yeah,yeah,yeah,yeah,yeah,yeah,yeah,yeah,yeah,yeah,yeah,yeah,yeah,yeah,yeah,yeah,yeah,yeah,yeah,yeah,yeah,yeah,yeah,yeah,yeah,yeah,yeah,yeah,yeah,yeah,yeah,yeah,yeah,yeah,yeah,yeah,yeah,yeah,yeah,yeah,yeah,yeah,yeah,yeah,yeah,yeah,yeah,yeah,yeah,yeah,yeah,yeah,yeah,yeah,yeah,yeah,yeah,yeah,yeah,yeah,yeah,yeah,yeah,yeah,yeah,yeah,yeah,yeah,yeah,yeah,yeah,yeah,yeah,yeah,yeah,yeah,yeah,yeah,yeah,yeah,yeah,yeah,yeah,yeah,yeah,yeah,yeah,yeah,yeah,yeah,yeah,yeah,yeah,yeah,yeah,yeah,yeah,yeah,yeah,yeah",1
"He'slike,he'slike,he'slike,he'slike,he'slike,he'slike,he'slike,he'slike,he'slike,he'slike,he'slike,he'slike,he'slike,he'slike,he'slike,he'slike,he'slike,he'slike,he'slike,he'slike,he'slike,he'slike,he'slike,he'slike,he'slike,he'slike,he'slike,he'slike,he'slike,he'slike,he'slike,he'slike,he'slike,he'slike,he'slike,he'slike,he'slike,he'slike,he'slike,he'slike,he'slike,he'slike,he'slike,he'slike,he'slike,he'slike,he'slike,he'slike,he'slike,he'slike,he'slike,he'slike,he'slike,he'slike,he'slike,he'slike",1
hahahahahahahahahahahahahahahahahahahahahahahahahahahahahahahahahahahahahahahahahahahahahahahahahahahahahahahahahahahahahahahahahahahahahahahahahahahahahahahahahahahahahahahahahahahahahahahahahahahahahahahahahahahahahahahahahahahahahahahahahahahahahahahahahahahahahahahahahahahahahahahahahahahahahahahahahahahahahahahahahahahahahahahahahahahahahahahahahahahahahahahahahahahahahahahahahahahahahahahahahahahahahahahahahahahahahahahahahahahahahahahahahahahahahahahahahahahahahahahahahahahahahahahahahahahahahahahahahahahahahahahahahahahahahahahahahahahahahahahahahahahahahahahahahahahahahahahahahahahahahahahahahahahahahahahahahahahahahahahahahahahahahahahahahahahahahahahahahahahahahahahahahahahahahahahahahahahahahahahahahahahahahahahahahahahahahahahahahahahahahahahahahahahahahahahahahahahahahahahahahahahahahahahahahahahahahahahahahahahahahahahahahahahahahahahahahahahahahahahahahahahahahah,1
HahahahaHahahahaHahahahaHahahahaHahahahaHahahahaHahahahaHahahahaHahahahaHahahahaHahahahaHahahahaHahahahaHahahahaHahahahaHahahahaHahahahaHahahahaHahahahaHahahahaHahahahaHahahahaHahahahaHahahahaHahahahaHahahaha,1
15mmx25mmx25mmx25mmx25mmx25mmx25mmx25mmx25mmx25mmx25mmx25mmx25mmx25mmx25mmx25mmx25mmx25mmx25mmx25mmx25mmx25mmx25mmx25mmx25mmx25mmx25mmx25mmx25mmx25mmx25mmx25mmx25mmx25mmx25mmx25mmx25mmx25mmx25mmx25mmx25mmx25mmx25mmx25mmx25,1
15cmx25cmx25cmx25cmx25cmx25cmx25cmx25cmx25cmx25cmx25cmx25cmx25cmx25cmx25cmx25cmx25cmx25cmx25cmx25cmx25cmx25cmx25cmx25cmx25cmx25cmx25cmx25cmx25cmx25cmx25cmx2cmx25cmx2cmx25cmx2cmx2cmx2cmx2cmx2cmx2cmx2cmx2cmx2cmx2cmx2cmx2cmx2cmx2cmx2cmx2cmx2cmx2,1
15cmx25cmx25cmx25cmx25cmx25cmx25cmx25cmx25cmx25cmx25cmx25cmx25cmx25cmx25cmx25cmx25cmx25cmx25cmx25cmx25cmx25cmx25cmx25cmx25cmx25cmx25cmx25cmx25cmx25cmx25cmx25cmx2cmx25cmx2cmx2cmx2cmx2cmx2cmx2cmx2cmx2cmx2cmx2cmx2cmx2cmx2cmx2cmx2cmx2cmx2cmx2cmx2,1
はっはっはっは,1
フフフフフフフフフフフフフフフフフフフフフフフフフフフフフフフフフフフフフフフフフフフフフフフフフフフフフフフフフフフフフフフフフフフフフフフフフフフフフフフフフフフフフフフフフフフフフフフフフフフフフフフフフフフフフフフフフフフフフフフフフフフフフフフフフフフフフフフフフフフフフフフフフフフフフフフフフフフフフフフフフフフフフフフフフフフフフフフフフフフフフフフフフフフフフフフフフフフフフフフフフフフフフフフフフフフフフフフフフフフフフフフ,1
笑,1
はああああああああああああああああああああああああああああああああああああああああああああああああああああああああああああああああああああああああああああああああああああああああああああああああああああああああああああああああああああああああああああああああああああああああああああああああああああああああああああああああああああああああああああああああああああああああああああ,1
ウォォォォォォォォォォォォォォォォォォォォォォォォォォォォォォォォォォォォォォォォォォォォォォォォォォォォォォォォォォォォォォォォォォォォォォォォォォォォォォォォォォォォォォォォォォォォォォ,1
スタッフの方向を望むスタッフの方向を望むスタッフの方向を望むスタッフの方向を望むスタッフの方向を望むスタッフの方向を望むスタッフの方向を望むスタッフの方向を望む,1
ハッハッハッハッハッハッハッハッハッハッハッハッハッハッハッハッハッハッハッハッハッハッハッハッハッハッハッハッハッハッハッハッハッハッハッハッハッハッハッハッハッハッハッハッハッハッハッハッハッハッ,1
クックックックックックックックックックックックックックックックックックックックックックックックックックックックックックックックックックックックックックックックックックックックックックックックックックックックックックックックックックックックックックックックックックックックックックックックックックック,1
ブッブッブッブッブッブッブッブッブッブッブッブッブッブッブッブッブッブッブッブッブッブッブッブッブッブッブッブッブッブッブッブッブッブッブッブッブッブッブッブッブッブッブッブッブッブッブッブッブッブッブッブッブッブッブッブッブッブッブッブッブッブッブッブッブッブッブッブッブッブッブッブッブッブッブッブッブッブッブッブッブッブッブッブッブッブッブッブッブッブッブッブッブッブッブッブッブッブッブッブッブッブッブッブッブッブッブッブッブッブッブッブ,1
ブンブンブンブンブンブンブンブンブンブンブンブンブンブンブンブンブンブンブンブンブンブンブンブンブンブンブンブンブンブンブンブンブンブンブンブンブンブンブンブンブンブンブンブンブンブンブンブンブンブンブンブンブンブンブンブンブンブンブンブンブンブンブンブンブンブンブンブンブンブンブンブンブンブンブンブンブンブンブンブンブンブンブンブンブンブンブンブンブンブンブンブンブンブンブンブンブンブンブンブンブンブンブンブンブンブンブンブンブンブンブンブ,1
うううううううううううううううううううううううううううううううううううううううううううううううううううううううううううううううううううううううううううううううううううううううううううううううううううううううううううううううううううううううううううううううううううううううううううううううううううううううううううううううううううううううううううううううううううううううううううううううううううううううううううう,1
スタッフを見つけますスタッフを見つけますスタッフを見つけますスタッフを見つけますスタッフを見つけますスタッフを見つけますスタッフを見つけますスタッフを見つけますスタッフを見つけますスタッフを見つけますスタッフを見つけますスタッフを見つけますスタッフを見つけますスタッフを見つけますスタッフを見つけますスタッフを見つけますスタッフを見つけますスタッフを見つけますスタッフを見つけますスタッフを見つけますスタッフを見つけますスタッフを見つけますスタッフを見つけますスタッフを見つけますスタッフを見つけますスタッフを見つけますスタッフを見つけますスタッフを見つけます,1
スタッフを作ることができますスタッフを作ることができますスタッフを作ることができますスタッフを作ることができますスタッフを作ることができますスタッフを作ることができますスタッフを作ることができますスタッフを作ることができますスタッフを作ることができますスタッフを作ることができますスタッフを作ることができますスタッフを作ることができますスタッフを作ることができます,1
パッパッパッパッパッパッパッパッパッパッパッパッパッパッパッパッパッパッパッパッパッパッパッパッパッパッパッパッパッパッパッパッパッパッパッパッパッパッパッパッパッパッパッパッパッパッパッパッパッパッパッパッパッパッパッパッパッパッパッパッパッパッパッパッパッパッパッパッパッパッパッパッパッパッパッパッパッパッパッパッパッパッパッパッパッパッパッパッパッパッパッパッ,1
スタッフを押し上げることができますスタッフを押し上げることができますスタッフを押し上げることができますスタッフを押し上げることができますスタッフを押し上げることができますスタッフを押し上げることができますスタッフを押し上げることができますスタッフを押し上げることができますスタッフを押し上げることができますスタッフを押し上げることができます,1
はっはっはっはっはっはっはっはっはっはっはっはっはっはっはっはっはっはっはっはっはっはっはっはっはっはっはっはっはっはっはっはっはっはっはっはっはっはっはっはっはっはっはっはっはっはっはっはっはっはっはっはっはっはっはっはっはっはっはっはっはっはっはっはっはっはっはっはっはっはっはっはっはっはっはっはっは,1
はっはっはっはっはっはっはっはっはっはっはっはっはっはっはっはっはっはっはっはっはっはっはっはっはっはっはっはっはっはっはっはっはっはっはっはっはっはっはっはっはっはっはっはっはっはっはっはっはっはっはっはっはっはっはっはっはっはっはっはっはっはっはっはっはっはっはっはっはっはっはっはっはっはっはっは,1
ブーブーブーブーブーブーブーブーブーブーブーブーブーブーブーブーブーブーブーブーブーブーブーブーブーブーブーブーブーブーブーブーブーブーブーブーブーブーブーブーブーブーブーブーブーブーブーブーブーブーブーブーブーブーブーブーブーブーブーブーブーブーブーブーブーブーブーブーブーブーブーブーブーブーブーブーブーブーブーブーブーブーブーブーブーブーブーブーブーブーブーブーブーブーブーブーブーブーブーブーブーブーブーブーブーブーブーブーブーブーブーブ,1
ハッハッハッハッハッハッハッハッハッハッハッハッハッハッハッハッハッハッハッハッハッハッハッハッハッハッハッハッハッハッハッハッハッハッハッハッハッハッハッハッハッハッハッハッハッハッハッハッ,1
ハッハッハッハッハッハッハッハッハッハッハッハッハッハッハッハッハッハッハッハッハッハッハッハッハッハッハッハッハッハッハッハッハッハッハッハッハッハッハッハッハッハッハッハッハッハッハッハッハッハッハッハッハッハッハッハッハッハッハッハッハッハッハッハッハッハッハッ,1
小麦粉小麦粉小麦粉小麦粉小麦粉小麦粉小麦粉小麦粉小麦粉小麦粉小麦粉小麦粉小麦粉小麦粉小麦粉,1
"I'mgoingtodoalittlebitmore,I'mgoingtodoalittlebitmore,I'mgoingtodoalittlebitmore,I'mgoingtodoalittlebitmore,I'mgoingtodoalittlebitmore,I'mgoingtodoalittlebitmore,I'mgoingtodoalittlebitmore,I'mgoingtodoalittlebitmore,I'mgoingtodoalittlebitmore,I'mgoingtodoalittlebitmore,I'mgoingtodoalittlebitmore,I'mgoingtodoalittlebitmore,I'mgoingtodoalittlebitmore,I'mgoingtodoalittlebitmore,I'mgoingtodoalittlebitmore,I'mgoingtodoalittlebitmore,I'mgoingtodoalittlebitmore,I'mgoingtodoalittlebitmore,I'mgoingtodoalittlebitmore,I'mgoingtodoalittlebitmore,I'mgoingtodoalittlebitmore,I'mgoingtodoalittlebitmore,I'mgoing",1
Aaaaaaaaaaaaaaaaaaaaaaaaaaaaaaaaaaaaaaaaaaaaaaaaaaaaaaaaaaaaaaaaaaaaaaaaaaaaaaaaaaaaaaaaaaaaaaaaaaaaaaaaaaaaaaaaaaaaaaaaaaaaaaaaaaaaaaaaaaaaaaaaaaaaaaaaaaaaaaaaaaaaaaaaaaaaaaaaaaaaaaaaaaaaaaaaaaaaaaaaaaaaaaaaaaaaaaaaaaaaaaaaaaaaaaaaaaaaaaaaaaaaaaaaaaaaaaaaaaaaaaaaaaaaaaaaaaaaaaaaaaaaaaaaaaaaaaaaaaaaaaaaaaaaaaaaaaaaaaaaaaaaaaaaaaaaaaaaaaaaaaaaaaaaaaaaaaaaaaaaaaaaaaaaaaaaaaaaaaaaaaaaaaaaaaaaaaaaaaaaaaaaaaaaaaaaaaaaaaaaaaaaaaaaaaaaaaaaaaaaaaaaaaaaaaaaaaaaaaaaaaaaaaaaaaaaaaaaaaaaaaaaaaaaaaaaaaaaaaaaaaaaaaaaaaaaaaaaaaaaaaaaaaaaaaaaaaaaaaaaaaaaaaaaaaaaaaaaaaaaaaaaaaaaaaaaaaaaaaaaaaaaaaaaaaaaaaaaaaaaaaaaaaaaaaaaaaaaaaaaaaaaaaaaaaaaaaaaaaaaaaaaaaaaaaaaaaaaaaaaaaaaaaaaaaaaaaaaaaaaaaaaaaaaaaaaaaaaaaaaaaaaaaaaaaaaaaaaaaaaaaaaaaaaaaaaaaaaaaaaaaaaaaaaaaaaaaaaaaaaaaaaaaaaaaaaaaaaaaaaaaaaaaaaaaaaaaaaaaaaaaaaaaaaaaaaaaaaaaaaaaaaaaaaaaaaaaaaaaaaaaaaaaaaaaaaaaaaaaaaaaaaaaaaaaaaaaaaaaaaaaaaaaaaa,1
"Idon'tknowhowtodoit,butIcan'tdoit,Ican'tdoit,Ican'tdoit,Ican'tdoit,Ican'tdoit,Ican'tdoit,Ican'tdoit,Ican'tdoit,Ican'tdoit,Ican'tdoit,Ican'tdoit,Ican'tdoit,Ican'tdoit,Ican'tdoit,Ican'tdoit,Ican'tdoit,Ican'tdoit,Ican'tdoit,Ican'tdoit,Ican'tdoit,Ican'tdoit,Ican'tdoit,Ican'tdoit,Ican'tdoit,Ican'tdoit,Ican'tdoit,Ican'tdoit,Ican'tdoit,Ican'tdoit,Ican'tdoit,Ican'tdoit,Ican'tdoit,Ican'tdoit,Ican'tdoit,Ican'tdoit,Ican't",1
"I'llberightback,I'llberightback,I'llberightback,I'llberightback,I'llberightback,I'llberightback,I'llberightback,I'llberightback,I'llberightback,I'llberightback,I'llberightback,I'llberightback,I'llberightback,I'llberightback,I'llberightback,I'llberightback,I'llberightback,I'llberightback,I'llberightback,I'llberightback,I'llberightback,I'llberightback,I'llberightback,I'llberightback,I'llberightback,I'llberightback,I'llberightback,I'llberightback,I'llberightback,I'llberightback,I'llberightback,I'llberightback,I'llberightback,I'llberightback,I'llberightback,I'llberightback,I'llberightback,I",1
"Ha,ha,haHa,ha,haHa,ha,haHa,ha,haHa,haHa,ha,ha",1
C-c-c-c-c-c-c-c-c-c-c-c-c-c-c-c-c-c-c-c-c-c-c-c-c-c-c-c-c-c-c-c-c-c-c-c-c-c-c-c-c-c-c-c-c-c-c-c-c-c-c-c-c-c-c-c-c-c-c-c-c-c-c-c-c-c-c-c-c-c-c-c-c-c-c-c-c-c-c-c-c-c-c-c-c-c-c-c-c-c-c-c-c-c-c-c-c-c-c-c-c-c-c-c-c-c-c-c-c-c-c-c,1
POPPOPPOPPOPPOPPOPPOPPOPPOPPOPPOPPOPPOPPOPPOPPOPPOPPOPPOPPOPPOPPOPPOPPOPPOPPOPPOPPOPPOPPOPPOPPOPPOPPOPPOPPOPPOPPOPPOPPOPPOPPOPPOPPOPPOPPOPPOPPOPPOPPOPPOPPOPPOPPOPPOPPOPPOPPOPPOPPOPPOPPOPPOPPOPPOPPOPPOPPOPPOPPOPPOPPOPPOPPOPPOPPOPPOPPOPPOPPOPPOPPOPPOPPOPPOPPOPPOPPOPPOPPOPPOPPOPPOPPOPPOPPOPPOPPOPPOPPOPPOPPOPPOPPOPPOPPOPPOPPOPPOPPOPPOPP,1
Uhuhuhuhuhuhuhuhuhuhuhuhuhuhuhuhuhuhuhuhuhuhuhuhuhuhuhuhuhuhuhuhuhuhuhuhuhuhuhuhuhuhuhuhuhuhuhuhuhuhuhuhuhuhuhuhuhuhuhuhuhuhuhuhuhuhuhuhuhuhuhuhuhuhuhuhuhuhuhuhuhuhuhuhuhuhuhuhuhuhuhuhuhuhuhuhuhuhuhuhuhuhuhuhuhuhuhuhuhuhuhuhuhuhuhuhuhuhuhuhuhuhuhuhuhuhuhuhuhuhuhuhuhuhuhuhuhuhuhuhuhuhuhuhuhuhuhuhuhuhuhuhuhuhuhuhuhuhuhuhuhuhuhuhuhuhuhuhuhuhuhuhuhuhuhuhuhuhuhuhuhuhuhuhuhuhuhuhuhuhuhuhuhuhuhuhuhuhuhuhuhuhuhuhuhuhuhuhuhuhuhuhuhuhuhuhuhuhuhuhuhuhuh,1
1個個個個個個個個個個個個個個個個個個個個個個個個個個個個個個個個個個個個個個個個個個個個個個個個個個個個個個個個個個個個個個個個個個個個個個個個個個個個個個個個個個個個個個個個個個個個個個個個個個個個個個個個個個個個個個個,1
"ThisisthefirsttimeI'veeverdonethisbefore,butI'mnotsureifI'veeverdonethisbefore,butI'mnotsureifI'vedonethisbefore,butI'mnotsureifI'vedonethisbefore,butI'mnotsureifI'vedonethisbefore,butI'mnotsureifI'vedonethisbefore,butI'mnotsureifI'vedonethisbefore,butI'mnotsureifI'vedonethisbefore,butI'mnotsureifI'vedonethisbefore,butI'mnotsureifI'vedonethisbefore,butI'mnotsureifI'vedonethisbefore,butI'mnotsureifI'vedonethisbefore,butI'mnotsureifI'vedonethisbefore,butI'mnotsureifI'vedonethisbefore,butI'mnotsureifI'vedonethisbefore,butI'mnotsureifI'vedonethisbefore,butI'mnotsureifI'vedonethisbefore,butI'mnotsureifI'vedonethisbefore,butI'mnotsureif",1
"Thankyousomuchforwatching,seeyouinthenextvideo,bye,bye,bye,bye,bye,bye,bye,bye,bye,bye,bye,bye,bye,bye,bye,bye,bye,bye,bye,bye,bye,bye,bye,bye,bye,bye,bye,bye,bye,bye,bye,bye,bye,bye,bye,bye,bye,bye,bye,bye,bye,bye,bye,bye,bye,bye,bye,bye,bye,bye,bye,bye,bye,bye,bye,bye,bye,bye,bye,bye,bye,bye,bye,bye,bye,bye,bye,bye,bye,bye,bye,bye,bye,bye,bye,bye,bye,bye,bye,bye,bye,bye,bye,bye,bye,bye,bye,bye,bye,bye,bye,bye,bye,bye,bye,bye,bye,bye,bye,bye,bye,bye,bye,bye,bye",1
"Idon'tknowhowtodoit,Idon'tknowhowtodoit,Idon'tknowhowtodoitIdon'tknowhowtodoit,Idon'tknowhowtodoitIdon'tknowhowtodoit,Idon'tknowhowtodoit",1
"No,no,no,no,no,no,no,no,no,no,no,no,no,no,no,no,no,no,no,no,no,no,no,no,no,no,no,no,no,no,no,no,no,no,no,no,no,no,no,no,no,no,no,no,no,no,no,no,no,no,no,no,no,no,no,no,no,no,no,no,no,no,no,no,no,no,no,no,no,no,no,no,no,no,no,no,no,no,no,no,no,no,no,no,no,no,no,no,no,no,no,no,no,no,no,no,no,no,no,no,no,no,no,no,no,no,no,no,no,no,no,no",1
Hahahahahahahahahahahahahahahahahahahahahahahahahahahahahahahahahahahahahahahahahahahahahahahahahahahahahahahahahahahahahahahahahahahaha,1
Hahahahahahahahahahahahahahahahahahahahahahahahahahahahahahahahahahahahahahahahahahahahahahahahahahahahahahahahahahahahahahahahahahahahaha,1
スタッフェーションを取り出してスタッフェーションを取り出してスタッフェーションを取り出してスタッフェーションを取り出してスタッフェーションを取り出してスタッフェーションを取り出してスタッフェーションを取り出して,1
ハッハッハッハッハッハッハッハッハッハッハッハッハッハッハッハッハッハッハッハッハッハッハッハッハッハッハッハッハッハッハッハッハッハッハッハッハッハッハ,1
ぴぴぴぴぴぴぴぴぴぴぴぴぴぴぴぴぴぴぴぴぴぴぴぴぴぴぴぴぴぴぴぴぴぴぴぴぴぴぴぴぴぴぴぴぴぴぴぴぴぴぴぴぴぴぴぴぴぴぴぴぴぴぴぴぴぴ,1
うううううううううううううううううううううううううううううううううううううううううううううううううううううううううううううううううううううううううううううううううううううううううううううううううううううううううううううううううううううううううううううううううううううううううううううううううううううううううううううううううううううううううううううううううううううううううううううううううううううううううううううううううううううううううううううううううううううううううう,1
ぼうぼうぼうぼうぼうぼうぼうぼうぼうぼうぼうぼうぼうぼうぼうぼうぼうぼうぼうぼうぼうぼうぼうぼうぼうぼうぼうぼうぼうぼうぼうぼうぼうぼうぼうぼうぼうぼうぼうぼうぼうぼうぼうぼうぼうぼうぼうぼうぼうぼうぼうぼうぼうぼうぼうぼうぼうぼうぼうぼうぼうぼうぼうぼうぼうぼうぼうぼうぼうぼうぼうぼうぼうぼう�,1
ハハハハハハハハハハハハハハッ,1
はぁぁぁぁぁぁぁぁぁぁぁぁぁぁぁぁぁぁぁぁぁぁぁぁぁぁぁぁぁぁぁぁぁぁぁぁぁぁぁぁぁぁぁぁぁぁぁぁぁぁぁぁぁぁぁぁぁぁぁぁぁぁぁぁぁぁぁぁぁぁぁぁぁぁぁぁぁぁぁぁぁぁぁぁぁぁぁぁぁぁぁぁぁぁぁぁぁぁぁぁぁぁぁぁぁぁぁぁぁぁぁぁぁぁぁぁぁぁぁぁぁぁぁぁぁぁぁぁぁぁぁぁぁぁぁぁぁぁぁぁぁぁぁぁぁぁぁぁぁぁぁぁぁぁぁぁぁぁぁぁぁぁぁぁぁぁぁぁぁぁぁぁぁぁぁぁぁぁぁぁぁぁぁぁぁぁぁぁぁぁぁぁ,1
はぁぁぁぁぁぁぁぁぁぁぁぁぁぁぁぁぁぁぁぁぁぁぁぁぁぁぁぁぁぁぁぁぁぁぁぁぁぁぁぁぁぁぁぁぁぁぁぁぁぁぁぁぁぁぁぁぁぁぁぁぁぁぁぁぁぁぁぁぁぁぁぁぁぁぁぁぁぁぁぁぁぁぁぁぁぁぁぁぁぁぁぁぁぁぁぁぁぁぁぁぁぁぁぁぁぁぁぁぁぁぁぁぁぁぁぁぁぁぁぁぁぁぁぁぁぁぁぁぁぁぁぁぁぁぁぁぁぁぁぁぁぁぁぁぁぁぁぁぁぁぁぁぁぁぁぁぁぁぁぁぁぁぁぁぁぁぁぁぁぁぁぁぁ,1
ハハハハハハハハハハハハハハハハハハハハハハハハハハハハハハハハハハハハハハハハハッハッハッハッハッハッハッハッハッハッハッハッハッハッハッハッハッハッハッハッハッハッハッハッハッハッハッハッハッハッハッハッハッハッハッハッハッハッハッハッハッハッハッ,1
はっはっはっはっはっはっはっはっはっはっはっはっはっはっはっはっはっはっはっはっはっはっはっはっはっはっはっはっはっはっはっはっはっはっはっはっはっはっはっはっはっはっはっはっはっはっはっはっはっはっはっはっはっはっはっはっはっはっはっはっはっはっは,1
Pfft,1
Idon'tknowwhatyou'redoingIdon'tknowwhatyou'redoingIdon'tknowwhatyou'redoingIdon'tknowwhatyou'redoingIdon'tknowwhatyou'redoingIdon'tknowwhatyou'redoingIdon'tknowwhatyou'redoingIdon'tknowwhatyou'redoingIdon'tknowwhatyou'redoingIdon'tknowwhatyou'redoingIdon'tknowwhatyou'redoingIdon'tknowwhatyou'redoingIdon'tknowwhatyou'redoing,1
"Pfff,pfff,pfff,pfff",1
Oh,1
lol,1
Hahahahahahahahahahahahahahahahahahahahahahahahahahahahahahahahahahahahahahahahahahahahahahahahahahahahahahahahahahahahahahahahahahahahahahahahahahahahahahahahahahahahahahahahahahahahahahahahahahahahahahahahaha,1
ああああああああああああああああああああああああああああああああああああああああああああああああああああああああああああああああああああああああああああああああああああああああああああああああああああああああああああああああああああああああああああああああああああああああああああああああああああああああああああああああああああああああああああああああああああああああああああああああああああああああああああああああああああああああああああああああああああああああああああああああああああああああああああああああああああああああああああああああああああああああああああああああああああああああああああああああああああああああああああああああああああああああああああああああああああああああああああああああああああああああああああああああああああああああああああああああああああああああああああああああああああああああああああああああああああああああああああああああああああああああああああああ,1
フォーフォーフォーフォーフォーフォー,1
音楽,1
音量を調整します,1
はっはっはっはっはっはっはっはっはっはっはっはっ,1
早送り,1
お疲れ様でした,1
次の動画でお会いしましょう,1
笑い声,1
チョコレート,1
СубтитрысделалDimaTorzok,1
HØHØHØHØHØHØ,1
Terimakasihtelahmenonton,1
H-h-h-h-h-h-h-h-h-h-h-h-h-h-h-h-h-h-h-h-h-h-h-h-h-h-h-h-h-h-h-h-h-h-h-h-h-h-h-h-h-h-h-h-h-h-h-h-h-h-h-h-h-h-h-h-h-h-h-h-h-h-h-h-h-h-h-h-h-h-h-h-h-h-h-h-h-h-h-h-h-h-h-h-h-h-h-h-h-h-h-h-h-h-h-h-h-h-h-h-h-h-h-h-h-h-h-h-h-h-h-h,1
"1,2,3,4",1
Takkforatdusåpå,1
yeahyeahyeahyeahyeahyeah,1
Andwethoughtthat'swhatweweresupposedtodoAndnoonewouldliketocomefortimeAndwethoughtthat'swhatweweresupposedtodoAndnoonewouldliketocomefortimeAndwethoughtthat'swhatweweresupposedtodoAndnoonewouldliketocomefortimeAndwethoughtthat'swhatweweresupposedtodoAndnoonewouldliketocomefortimeAndwethoughtthat'swhatweweresupposedtodoAndnoonewouldliketocomefortimeAndwethoughtthat'swhatweweresupposedtodoAndnoonewouldliketocomefortime,1
hahahahahahahahahahahahahahahahahahahahahahahahahahahahahahahahahahahahahahahahahahahahahahahahahahahahahahahahahahahahahahahahahahahahahahahahahahahahahahahahahahahahahahahahahahahahahahahahahahahahahahahahahahahahahahahahahahahahahahahahahahahahahahahahahahahahahahahahahahahahahahahahahahahahahahahahahahahahahahahahahahahahahahahahahahahahahahahahahahahahahahahahahahahahahahahahahahahahahahahahahahahahahahahahahahahahahahahahahahahahahahaha,1
"ItissaidthatthisisthefirsttimeinalongtimesincetheGreatWallofChinawasbuilt,anditissaidthatitisthefirsttimeinalongtimesincetheGreatWallofChinawasbuilt",1
ん,1
あはははは,1
あははは,1
"Cough,cough",1
"Cough,cough,cough,cough",1
Hahahaha,1
"Ha,ha,ha",1
復活性を使用すると復活性を使用すると復活性を使用すると復活性を使用すると復活性を使用すると復活性を使用すると復活性を使用すると復活性を使用すると,1
とても良いですとても良いですとても良いですとても良いです,1
スタッフレースを使っているのでスタッフレースを使っているのでスタッフレースを使っているのでスタッフレースを使っているのでスタッフレースを使っているのでスタッフレースを使っているのでスタッフレースを使っているのでご視聴ありがとうございました,1
このようなスタッフを使っているのでこのようなスタッフを使っているのでこのようなスタッフを使っているのでこのようなスタッフを使っているのでこのようなスタッフを使っているのでこのようなスタッフを使っているのでこのようなスタッフを使っているのでこのようなスタッフを使っているのでこのようなスタッフを使っているのでこのようなスタッフを使っているのでこのようなのがこのようなものを使っているのでこのようなものを使っているのでこのようなものを使っているのでこのようなものを使っているのでこのようなものを使っているのでこのようなものを使っているのでこのようなものを使っているのでこのようなものを使っているのでこのようなものを使っているのでこのようなものを使っているのでこのようなものを使っているのでこのようなものを使っているのでこのようなものを使っているのでこのようなものを使っているのでこのようなものを使っているのでこのようなものを使っているのでこのようなものを使っているのでこのようなものを使っているのでこのようなものを使っているのでこのようなものを使っているのでこのようなものを使っているのでこのようなものを使って,1
Let'smoveontothenextstepLet'smoveontothenextstepLet'smoveontothenextstepLet'smoveontothenextstep1-2-3-4-4-4-4-4-4-4-4-4-4-4-4-4-4-4-4-4-4-4-4-4-4-4-4-4-4-4-4-4-4-4-4-4-4-4-4-4-4-4-4-4-4-4-4-4-4-4-4-4-4-4-4-4-4-4-4-4-4-4-4-4-4-4-4-4-4-4-4-4-4-4-4-4-4-4-4-4-4-4-4-4-4-4-4-4-4-4-4-4-4-4-4-4-4-4-4-4-4-4-4-4-4-4-4-4-4-4-4-4,1
"Let'smoveontothenextstepLet'smoveontothenextstepLet'smoveontothenextstepLet'smoveontothenextstepLet'smoveontothenextstep,andlet'smoveontothenextstep,andlet'smoveontothenextstep",1
復族の方向を望む,1
とても良いですとても良いですとても良いですとても良いですとても良いですとても良いですとても良いですとても良いですとても良いですとても良いです,1
スタッフレースを使っているのでスタッフレースを使っているのでスタッフレースを使っているのでスタッフレースを使っているのでスタッフレースを使っているのでスタッフレースを使っているのでスタッフレースを使っているのでスタッフレースを使っているのでスタッフレースを使っているのでスタッフレースを使っているのでスタッフレースを使っているのでスタッフレースを使っているのでスタッフレースを使っているのでスタッフレースを使っているのでスタッフレースを使っているのでスタッフレースを使っているのでスタッフレースを使っているのでスタッフレースを使っているのでスタッフレースを使っているので,1
Let'smoveontothenextstep,1
Thankyouverymuchforwatchingthisvideo,1
Let'smoveontothenextstepLet'smoveontothenextstepLet'smoveontothenextstepLet'smoveontothenextstepLet'smoveontothenextstep,1
スタッフを見つけたらスタッフを見つけたらスタッフを見つけたらスタッフを見つけたらスタッフを見つけたらスタッフを見つけたらスタッフを見つけたらスタッフを見ることができますスタッフを見ることができますスタッフを見ることができますスタッフを見ることができますスタッフを見ることができますスタッフを見ることができますスタッフを見ることができますスタッフを見ることができますスタッフを見ることができますスタッフを見ることができますスタッフを見ることができますスタッフを見ることができますスタッフを見ることができますスタッフを見ることができます,1
さあああああああ,1
スタッフェインはスタッフェインはスタッフェインはスタッフェインはスタッフェインはスタッフェインははぁぁぁぁぁぁぁぁぁぁぁぁぁぁぁぁぁぁぁぁぁぁぁぁぁぁぁぁぁぁぁぁぁぁぁぁぁぁぁぁぁぁぁぁぁぁぁぁぁぁぁぁぁぁぁぁぁぁぁぁぁぁぁぁぁぁぁぁぁぁぁぁぁぁぁぁぁぁぁぁぁぁぁぁぁぁぁぁぁぁぁぁぁぁぁぁぁぁぁぁぁぁぁぁぁぁぁぁぁぁぁぁぁぁぁぁぁぁぁぁぁぁぁぁぁぁぁぁぁぁぁぁぁぁぁぁぁぁぁぁぁぁぁぁぁぁぁぁぁぁぁぁぁぁぁぁぁぁぁぁぁぁぁぁぁぁぁぁぁぁぁぁぁぁぁぁぁぁぁぁぁぁぁぁぁぁぁぁぁぁぁぁぁぁぁぁぁぁぁぁぁぁぁぁぁぁぁぁぁぁぁぁぁぁぁぁぁぁぁぁぁぁ,1
スタッフを見ることができますスタッフを見ることができますスタッフを見ることができますスタッフを見ることができますスタッフを見ることができますスタッフを見ることができます,1
スタッフのアイスクリームを見つけたことができますスタッフのアイスクリームを見つけたことができますスタッフのアイスクリームを見つけたことができますスタッフのアイスクリームを見つけたことができますスタッフのアイスクリームを見つけたことができますスタッフのアイスクリームを見つけたことができますスタッフのアイスクリームを見つけたことができます,1
スタッフェインはスタッフェインはスタッフェインはスタッフェインはスタッフェインはスタッフェインはスタッフェインは,1
スタッフェイトルスタッフェイトルスタッフェイトルスタッフェイトルスタッフェイトルスタッフェイトルスタッフェイトルスタッフェイトルスタッフェイトルスタッフェイトルスタッフェイトルスタッフェイトルスタッフェイトルスタッフェイトルあなたはあなたはあなたはあなたはあなたはあなたはあなたはあなたはあなたはあなたはあなたはあなたはあなたはあなたはあなたはあなたはあ,1
スタッフェイトルを使用しております,1
スタッフェインはスタッフェインはスタッフェインはスタッフェインはスタッフェインはスタッフェインはスタッフェインはスタッフェインはスタッフェインはスタッフェインはスタッフェインはスタッフェインはスタッフェインは,1
さあああああああああああああああああああああ,1
スタッフェインを見ることができますスタッフェインを見ることができます,1
スタッフを見ることができる,1
スタッフルを取り出しております,1
スタッフルを使用することができます,1
スタッフェインはスタッフェインを使用することができます,1
スパイシーを使用しています,1
さあご視聴ありがとうございました,1
おはようございます,1
スタッフを見つけますスタッフを見つけます,1
スタッフェイトルを作ることができます,1
I'mgoingtogototheendoftheendoftheendofthe,1
2スタッフはスタッフはスタッフはスタッフはスタッフはスタッフはスタッフはスタッフはスタッフはスタッフはスタッフはスタッフはスタッフはスタッフはスタッフはスタッフはスタッフはスタッフはスタッフはスタッフはスタッフはスタッフはスタッフはスタッフはスタッフはスタッフはスタッフはスタッフはスタッフはスタッフはスタッフはスタッフはスタッフはスタッフはスタッフはスタッフはスタッフ,1
んんんんんんんんんんんんんんんんんんんんんんんんんん,1
んんんんんんんんんんんんんんんんんんんんんんんんん,1
んんんんんんんんんんんんんん,1
小さくなっている小さくなっている小さくなっている小さくなっている小さくなっている小さくなっている小さくなった小さくなった小さくなった小さくなった小さくなった小さくなった小さくなった小さくなった,1
2アイスクリーム3アイスクリーム4アイスクリーム5アイスクリーム6アイスクリーム7アイスクリーム8アイスクリーム9アイスクリーム10アイスクリーム,1
小さくなっています小さくなっています小さくなっています小さくなっています小さくなっています小さくなっています小さくなっています小さくなっています小さくなっています小さくなっています小さくなっています小さくなっています小さくなっています小さくなっています小さくなっています小さくなっています小さくなっています小さくなっています小さくなっています小さくなっています小さくなっています小さくなっています小さくなっています小さくなっています小さくなっています小さくなっています,1
2フラッシュアウト3フラッシュアウト4フラッシュアウト5フラッシュアウト6フラッシュアウト7フラッシュアウト8フラッシュアウト9フラッシュアウト10フラッシュアウト11フラッシュアウト,1
さらにさらにさらにさらにさらにさらにさらにさらにさらにさらにさらにさらにさらにさらにさらにさらにさらにさらにさらにさらにさらにさらにさらにさらにさらにさらにさらにさらにさらにさらにさらにさらに,1
"Felly,mae'ngweithio,mae'ngweithio,mae'ngweithio,mae'ngweithio,mae'ngweithio,mae'ngweithio,mae'ngweithio,mae'ngweithio,mae'ngweithio",1
ddweudoddweudoddweudoddweudoddweudoddweudoddweudoddweudoddweudoddweudoddweudoddweudoddweudoddweudoddweudoddweudoddweud,1
"Felly,mae'ngweithio,mae'ngweithio,mae'ngweithio,mae'ngweithio,mae'ngweithio,mae'ngweithio,mae'ngweithio,mae'ngweithio,mae'ngweithio,mae'ngweithio,mae'ngweithio,mae'ngweithio,mae'ngweithio,mae'ngweithio,mae'ngweithio,mae'ngweithio,mae'ngweithio,mae'ngweithio",1
"Felly,mae'ngweithio,mae'ngweithio,mae'ngweithio,mae'ngweithio,mae'ngweithio,mae'ngweithio,mae'ngweithio,mae'ngweithio,mae'ngweithio,mae'ngweithio,mae'ngweithio,mae'ngweithio",1
ლლლლლლლლლლლლლლლლლლლლლლლლლლლლლლლლლლლლლლლლლლლლლლლლლლლლლლლლლლლლლლ�ლლლლლლლლლლლ�,1
ლლლლლლლლლლლლლლლლლლლლლლლლლლლლლლლლლლლლლლლლლლლლლლლლლლლლლლლლლლლლლლლლლლლლლ�ლლლლ�,1
ლლლლლლლლლლლლლლლლლლლლლლლლლლლლლლლლლლლლლლლლლლლლლლლლლლლლლლლლლლლლლლლ�ლლლლლლლლლლ�,1
"Felly,mae'ngweithio,mae'ngweithio,mae'ngweithio,mae'ngweithio,mae'ngweithio,mae'ngweithio,mae'ngweithio,mae'ngweithio,mae'ngweithio,mae'ngweithio,mae'ngweithio,mae'ngweithio,mae'ngweithioFelly,mae'ngweithio,mae'ngweithio,mae'ngweithio,mae'ngweithio,mae'ngweithio",1
Rwy'ncaeleiddweudyncaeleiddweudyncaeleiddweudyncaeleiddweudyncaeleiddweudyncaeleiddweudyncaeleiddweudyncaeleiddweudyncaeleiddweudyncaeleiddweud,1
"Felly,mae'ngweithio,mae'ngweithio,mae'ngweithio,mae'ngweithio,mae'ngweithio,mae'ngweithio,mae'ngweithio,mae'ngweithio,mae'ngweithio,mae'ngweithioFelly,mae'ngweithio,mae'ngweithio,mae'ngweithio,mae'ngweithio",1
"Rwy'nmeddwl,mae'nmeddwl,mae'nmeddwl,mae'nmeddwl,mae'nmeddwl,mae'nmeddwl,mae'nmeddwl,mae'nmeddwl,mae'nmeddwl,mae'nmeddwl,mae'nmeddwl,mae'nmeddwl,mae'nmeddwl,mae'nmeddwl,mae'nmeddwlRwy'nmeddwl,mae'nmeddwl,mae'nmeddwl,mae'nmeddwl",1
あなたはあなたはあなたはあなたはあなたはあなたはあなたはあなたはあなたはあなたはあなたはあなたはあなたはあなたはあなたはあなたはあなたはあなたはあなたはあなたはあなたはあなたはあなたはあなたはあなたはあなたはあなたはあなたはあなたはあなたはあなたはあなたはあなたはあなたはあなたはあなたはあなたはあなたはあなたはあなたはあなたは,1
この動画をご視聴頂き申し訳ございませんご視聴頂きありがとうございました,1
Rwy'nmeddwlybyddwchchi'ngallugwneudhynnyMae'nrhaidi'wgwneudMae'nrhaidi'wgwneudMae'nrhaidi'wgwneudMae'nrhaidi'wgwneudMae'nrhaidi'wgwneudMae'nrhaidi'wgwneudMae'nrhaidi'wgwneudMae'nrhaidi'wgwneudMae'nrhaidi'wgwneudMae'nrhaidi'wgwneudMae'nrhaidi'wgwneudMae'nrhaidi'wgwneudMae'nrhaidi'wgwneudMae'nrhaidi'wgwneudMae'nrhaidi'wgwneudMae'nrhaidi'wgwneudMae'nrhaidi'wgwneudMae'nrhaidi'wgwneudMae'nrhaidi'wgwneudMae'nrhaidi'wgwneudMae'nrhaidi'wgwneudMae'nrhaidi'wgwneudMae'nrhaidi'wgwneudMae'nrhaidi'wgwneud,1
Idon'tknowwhattodowithyouI'msorryI'msorryI'msorryI'msorryI'msorryI'msorryI'msorryI'msorryI'msorryI'msorryI'msorryI'msorryI'msorryI'msorryI'msorryI'msorryI'msorryI'msorryI'msorryI'msorryI'msorryI'msorryI'msorryI'msorryI'msorryI'msorry,1
ThisistheendofthevideoThankyouforwatchingSeeyouinthenextvideo,1
"I'msorry,I'msorry,I'msorry,I'msorry,I'msorry,I'msorry,I'msorry,I'msorry,I'msorry,I'msorry,I'msorry,I'msorry,I'msorry,I'msorry,I'msorry,I'msorry,I'msorry,I'msorry,I'msorry,I'msorry,I'msorry,I'msorry,I'msorry,I'msorry,I'msorry,I'msorry,I'msorry,I'msorry,I'msorry,I'msorry,I'msorry,I'msorry,I'msorry,I'msorry,I'msorry,I'msorry,I'msorry,I'msorry,I'msorry,I'msorry,I'msorry",1
"I'msorry,I'msorry,I'msorry,I'msorry,I'msorry,I'msorry,I'msorry,I'msorry,I'msorry,I'msorry,I'msorry,I'msorry,I'msorry,I'msorry,I'msorry,I'msorry,I'msorry,I'msorry,I'msorry,I'msorry,I'msorry,I'msorry,I'msorry,I'msorry,I'msorry,I'msorry,I'msorry,I'msorry,I'msorry,I'msorry,I'msorry,I'msorry,I'msorry,I'msorry,I'msorry,I'msorry,I'msorry,I'msorry,I'msorry,I'msorry,I'msorry,I'msorry,I'msorry,I'msorry,I'msorry,I'msorry,I'msorry",1
"I'msorry,I'msorry,I'msorry,I'msorry,I'msorry,I'msorry,I'msorry,I'msorry,I'msorry,I'msorry,I'msorry,I'msorry,I'msorry,I'msorry,I'msorry,I'msorry,I'msorry,I'msorry,I'msorry,I'msorry,I'msorry,I'msorry,I'msorry,I'msorry,I'msorry,I'msorry,I'msorry,I'msorry,I'msorry,I'msorry,I'msorry,I'msorry,I'msorry,I'msorry,I'msorry,I'msorry,I'msorry,I'msorry,I'msorry,I'msorry,I'msorry,I'msorry,I'msorry,I'msorry,I'msorry,I'msorry",1
Ychwanegwchymlaeni'rhyna'rhyna'rhyna'rhyna'rhyna'rhyna'rhyna'rhyna'rhyna'rhyna'rhyna'rhyna'rhyna'rhyna'rhyna'rhyna'rhyna'rhyna'rhyna'rhyna'rhyna'rhyna'rhyna'rhyna'rhyna'rhyna'rhyna'rhyna'rhyna'rhyna'rhyna'rhyna'rhyna'rhyna'rhyna'rhyna'rhyna'rhyna'rhyna'rhyna'rhyna'rhyna'r,1
YchwanegwchynddaYchwanegwchynddaYchwanegwchynddaYchwanegwchynddaYchwanegwchynddaYchwanegwchynddaYchwanegwchynddaYchwanegwchynddaYchwanegwchynddaYchwanegwchynddaYchwanegwchynddaYchwanegwchynddaYchwanegwchyndda,1
YchwanegwchynddiweddarwchYchwanegwchynddiweddarwchYchwanegwchynddiweddarwchYchwanegwchynddiweddarwchYchwanegwchynddiweddarwchYchwanegwchynddiweddarwchYchwanegwchynddiweddarwchYchwanegwchynddiweddarwchYchwanegwchynddiweddarwchYchwanegwchynddiweddarwchYchwanegwchynddiweddarwchYchwanegwchynddiweddarwchYchwanegwchynddiweddarwchYchwanegwchynddiweddarwchYchwanegwchynddiweddarwchYchwanegwchynddiweddarwch,1
Ychwanegwchycydnabodo'rcydnabodYchwanegwchycydnabodYchwanegwchycydnabodYchwanegwchycydnabodYchwanegwchycydnabodYchwanegwchycydnabodYchwanegwchycydnabodYchwanegwchycydnabod,1
YchwanegwchynddiweddolYchwanegwchynddiweddolYchwanegwchynddiweddolYchwanegwchynddiweddolYchwanegwchynddiweddolYchwanegwchynddiweddolYchwanegwchynddiweddolYchwanegwchynddiweddolYchwanegwchynddiweddolYchwanegwchynddiweddolYchwanegwchynddiweddolYchwanegwchynddiweddolYchwanegwchynddiweddolYchwanegwchynddiweddol,1
"Idon'tknowifI'mgoingtobeabletodoit,butI'mgoingtobeabletodoitbecauseI'mgoingtobeabletodoitbecauseI'mgoingtobeabletodoitbecauseI'mgoingtobeabletodoitbecauseI'mgoingtobeabletodoitbecauseI'mgoingtobeabletodoitbecauseI'mgoingtobeabletodoitbecauseI'mgoingtobeabletodoitbecauseI'mgoingtobeabletodoitbecauseI'mgoingtobeabletodoitbecauseI'mgoingtobeabletodoitbecauseI'mgoingtobeabletodoitbecauseI'mgoingtobeabletodoitbecauseI'mgoingtobeabletodoitbecauseI'mgoingtobeabletodoitbecauseI'mgoingtobeabletodoitbecauseI'mgoingtobeabletodoitbecauseI'mgoingtobeabletodoitbecauseI'mgoingtobeabletodoitbecauseI'mgoingtobeabletodoitbecauseI'mgoingtobeableto",1
Idon'tknowwhattodowithitIdon'tknowwhattodowithitIdon'tknowwhattodowithitIdon'tknowwhattodowithitIdon'tknowwhattodowithitIdon'tknowwhattodowithitIdon'tknowwhattodowithitIdon'tknowwhattodowithitIdon'tknowwhattodowithitIdon'tknowwhattodowithitIdon'tknowwhattodowithitIdon'tknowwhattodowithitIdon'tknowwhattodowithitIdon'tknowwhattodowithitIdon'tknowwhattodowithitIdon'tknowwhattodowithitIdon'tknowwhattodowithitIdon'tknowwhattodowithitIdon'tknowwhattodowithitIdon'tknowwhattodowithitIdon'tknowwhattodowithitIdon'tknowwhattodowithitIdon'tknowwhattodowithitIdon'tknowwhattodowithitIdon'tknowwhattodowithitIdon'tknowwhattodowithit,1
"I'msorry,I'msorry,I'msorry,I'msorry,I'msorry,I'msorry,I'msorry,I'msorry,I'msorry,I'msorry,I'msorry,I'msorry,I'msorry,I'msorry,I'msorry,I'msorry,I'msorry,I'msorry,I'msorry,I'msorry,I'msorry,I'msorry,I'msorry,I'msorry,I'msorry,I'msorry,I'msorry,I'msorry,I'msorry,I'msorry,I'msorry,I'msorry,I'msorry,I'msorry,I'msorry,I'msorry,I'msorry,I'msorry,I'msorry,I'msorry,I'msorry,I'msorry,I'msorry,I'msorry,I'msorry,I'msorry,I'msorry,I'msorry,I'msorry,I'msorry,I'msorry,I'msorry,I'msorry,I'msorry",1
I'msorryI'msorryI'msorryI'msorryI'msorryI'msorryI'msorryI'msorryI'msorryI'msorryI'msorryI'msorryI'msorryI'msorryI'msorryI'msorryI'msorryI'msorryI'msorryI'msorryI'msorryI'msorryI'msorryI'msorryI'msorryI'msorry,1
Rwy'nmeddwlybyddai'ngweithio'rfforddybyddai'ngweithio'rfforddybyddai'ngweithio'rfforddybyddai'ngweithio'rfforddybyddai'ngweithio'rfforddybyddai'ngweithio'rfforddybyddai'ngweithio'rfforddybyddai'ngweithio'rfforddybyddai'ngweithio'rfforddybyddai'ngweithio'rfforddybyddai'ngweithio'rfforddybyddai'ngweithio'rfforddybyddai'ngweithio'rfforddybyddai'ngweithio'rfforddybyddai'n,1
Ychwanegwchymlaeni'rfforddybyddwchchi'ngallugwneudhynnyYchwanegwchyfforddybyddwchchi'ngallugwneudhynnyYchwanegwchyfforddybyddwchchi'ngallugwneudhynnyYchwanegwchyfforddybyddwchchi'ngallugwneudhynnyYchwanegwchyfforddybyddwchchi'ngallugwneudhynnyYchwanegwchyfforddyfforddyfforddyfforddyfforddyfforddyfforddyfforddyfforddyffordd,1
Rwy'nmeddwlybyddai'ngweithioarhynobrydMae'nrhaidi'wgweithioarhynobrydMae'nrhaidi'wgweithioarhynobrydMae'nrhaidi'wgweithioarhynobrydMae'nrhaidi'wgweithioarhynobrydMae'nrhaidi'wgweithioarhynobrydMae'nrhaidi'wgweithioarhynobrydMae'nrhaidi'wgweithioarhynobrydMae'nrhaidi'wgweithioarhynobrydMae'nrhaidi'wgweithioarhynobrydMae'nrhaidi'wgweithioarhynobrydMae'nrhaidi'wgweithioarhynobrydMae'nrhaidi'wgweithioarhynobrydMae'nrhaidi'wgweithioarhynobrydMae'nrhaidi'wgweithioarhynobrydMae'nrhaidi'wgweithioarhynobrydMae'nrhaidi'wgweithioarhynobryd,1
Rwy'nmeddwlybyddwchchi'ngallugwneudhynnyMae'nrhano'rfforddybyddwchchi'ngallugwneudhynnyMae'nrhano'rfforddybyddwchchi'ngallugwneudhynnyMae'nrhano'rfforddybyddwchchi'ngallugwneudhynnyMae'nrhano'rfforddybyddwchchi'ngallugwneudhynnyMae'nrhano'rfforddybyddwchchi'ngallugwneudhynnyMae'nrhano'rfforddybyddwchchi'ngallugwneudhynnyMae'nrhano'rfforddybyddwchchi'ngallugwneudhynnyMae'nrhano'rfforddybyddwchchi'ngallugwneudhynnyMae'nrhano'rfforddybyddwchchi'ngallugwneudhynnyMae'nrhano'rfforddybyddwchchi'ngallugwneudhynnyMae'nrhano'rfforddybyddwchchi'ngallugwneudhynnyMae'nrhano'rfforddybyddwchchi'ngallugwneudhynnyMae'nrhano'rfforddybyddwchchi'ngallugwneudhynny,1
YchwanegwchycydnabodymlaenYchwanegwchycydnabodymlaenYchwanegwchycydnabodymlaenYchwanegwchycydnabodycydnabodymlaenYchwanegwchycydnabodymlaen,1
